id,first_name,last_name,email,password
1,Erl,Puddicombe,epuddicombe0@squarespace.com,zE9<p@y$w
2,Nollie,MacElane,nmacelane1@ucsd.edu,uC1#e6M2=C_e
3,Gregoor,Braidford,gbraidford2@simplemachines.org,hR9.R1Qhc
4,Deerdre,Posten,dposten3@feedburner.com,"jN2!7,4O7%e"
5,Dylan,Gettens,dgettens4@howstuffworks.com,bC9%m\Pc'uI?GGP#
6,Malva,Shirley,mshirley5@cloudflare.com,iP1}i$*_(kM+
7,Caddric,Syfax,csyfax6@twitter.com,mY0@U!gAeG
8,Glad,Smallridge,gsmallridge7@dell.com,"lG2(B""GvDGggU"
9,Celine,Sadler,csadler8@omniture.com,eO0%WygO
10,Lorry,Ferandez,lferandez9@studiopress.com,kY2}?hG@(2HFp~&e
11,Minnnie,Baudet,mbaudeta@foxnews.com,"fV2)s),p1"
12,Deny,Firsby,dfirsbyb@ebay.com,cH1=ubGMjl#T}*4
13,Sharon,Ryle,srylec@nhs.uk,cR7$?|v_0%}|
14,Malissa,Enrigo,menrigod@msn.com,qC3<pe#?tkn{Oe
15,Yorke,Spens,yspense@statcounter.com,fJ7'>76O12
16,Terence,Brownscombe,tbrownscombef@macromedia.com,hM7!dliu.u
17,Barnabas,Benninger,bbenningerg@mit.edu,aH8'9~8`A
18,Devonna,Riddoch,driddochh@yolasite.com,aE1*'Hm%?D
19,Lorrie,Rijkeseis,lrijkeseisi@mysql.com,"aX0$J&@}B"""
20,Wendall,Joist,wjoistj@squidoo.com,"vN9&SOH""*P'aK"
21,Tuck,Bartolomieu,tbartolomieuk@soundcloud.com,fS1@c9VaKQ
22,Patricio,Ziehms,pziehmsl@elpais.com,"xI2""=34Zpo"
23,Alanah,Rapelli,arapellim@china.com.cn,lK8(bap}j@VW3
24,Filippo,McIlveen,fmcilveenn@histats.com,"cT9)=/""Y"
25,Colas,Canada,ccanadao@sohu.com,"iO2)xfo,"
26,Nalani,Menico,nmenicop@about.me,mX1(le>l
27,Edmon,Newcomb,enewcombq@unicef.org,iB7!3vgzGKf|wr7
28,Win,Alsford,walsfordr@tripadvisor.com,hM0?hOZ*A
29,Valma,Hardman,vhardmans@cisco.com,"tM4,wD8U"
30,Freedman,Mallan,fmallant@facebook.com,bI1_X!L&C~BXEao
31,Estrella,Rubi,erubiu@mediafire.com,"zA3`QJ~,n$b"
32,Forrester,Byron,fbyronv@shinystat.com,"yE0?nW""H.=4FZ2mV"
33,Brant,Tiltman,btiltmanw@alibaba.com,dR9.E>\+
34,Johanna,Goodwill,jgoodwillx@nhs.uk,pC4'oi&7x&QOh9
35,Mame,Champken,mchampkeny@elpais.com,eN7()P1vU!$G$
36,Olwen,Claybourne,oclaybournez@springer.com,lY3$XEuU)n
37,Margy,Aymes,maymes10@wikispaces.com,zB8.@Kg6d&<s0H4L
38,Justen,Hubert,jhubert11@123-reg.co.uk,xM7$}D3A~OP
39,Mildred,Forrest,mforrest12@liveinternet.ru,"eL4$fW7?**""0"
40,Neala,Lawlan,nlawlan13@parallels.com,"xC6_""{53"
